firstname;lastname;email;phonenumber1;phonenumber2;comment;
Lukas;Mat;lukas@lukas.lt;863404412;863458214;Nice text;
Konanas;Konaitis;konanas@meilas.lt;863404412;863458214;Nice comment;
Antanas;Antanaitis;antanas@meilas.lt;863404412;863458214;Nice comment;
Mykolas;Mykolaitis;mykolas@meilas.lt;863404412;863458214;Nice comment;
Vaida;Vaidaite;vaida@meilas.lt;863404412;863458214;Nice comment;
Saule;Saulaite;saule@meilas.lt;863404412;863458214;Nice comment;
Edvinas;Edvinauskas;edvinauskas.a@meilas.lt;863404412;863458214;Nice comment;
